{"cameraMode":{"drawMode":0,"name":"Shaded","section":"Shading Mode"},"sceneLighting":true,"audioPlay":false,"sceneViewState":{"m_AlwaysRefresh":false,"showFog":true,"showSkybox":true,"showFlares":true,"showImageEffects":true,"showParticleSystems":true,"showVisualEffectGraphs":true,"m_FxEnabled":true},"in2DMode":false,"pivot":{"x":2.384516716003418,"y":3.0935864448547365,"z":41.22466278076172},"rotation":{"x":0.06649930775165558,"y":-0.9305230975151062,"z":0.29119887948036196,"w":0.21214166283607484},"size":0.012932280078530312,"orthographic":false}