{"cameraMode":{"drawMode":0,"name":"Shaded","section":"Shading Mode"},"sceneLighting":true,"audioPlay":false,"sceneViewState":{"m_AlwaysRefresh":false,"showFog":true,"showSkybox":true,"showFlares":true,"showImageEffects":true,"showParticleSystems":true,"showVisualEffectGraphs":true,"m_FxEnabled":true},"in2DMode":false,"pivot":{"x":65.79711151123047,"y":11.447049140930176,"z":91.730224609375},"rotation":{"x":-0.038838744163513187,"y":0.2734723389148712,"z":0.011082007549703122,"w":0.9610500335693359},"size":56.352115631103519,"orthographic":false}